INSERT INTO category (id, name)
VALUES (1, '상의'),
       (2, '아우터'),
       (3, '바지'),
       (4, '스니커즈'),
       (5, '가방'),
       (6, '모자'),
       (7, '양말'),
       (8, '액세서리');

INSERT INTO brand (id, name)
VALUES (1, 'A'), (2, 'B'), (3, 'C'), (4, 'D'), (5, 'E'), (6, 'F'), (7, 'G'),
(8, 'H'), (9, 'I');

INSERT INTO item (id, name, price, category_id, brand_id)
VALUES (1, '상의', 11200, 1, 1),
       (2, '아우터', 5500, 2, 1),
       (3, '바지', 4200, 3, 1),
       (4, '스니커즈', 9000, 4, 1),
       (5, '가방', 2000, 5, 1),
       (6, '모자', 1700, 6, 1),
       (7, '양말', 1800, 7, 1),
       (8, '액세서리', 2300, 8, 1),

       (9, '상의', 10500, 1, 2),
       (10, '아우터', 5900, 2, 2),
       (11, '바지', 3800, 3, 2),
       (12, '스니커즈', 9100, 4, 2),
       (13, '가방', 2100, 5, 2),
       (14, '모자', 2200, 6, 2),
       (15, '양말', 2000, 7, 2),
       (16, '액세서리', 2200, 8, 2),

       (17, '상의', 10000, 1, 3),
       (18, '아우터', 6200, 2, 3),
       (19, '바지', 3300, 3, 3),
       (20, '스니커즈', 9200, 4, 3),
       (21, '가방', 2200, 5, 3),
       (22, '모자', 1900, 6, 3),
       (23, '양말', 2200, 7, 3),
       (24, '액세서리', 2100, 8, 3),

       (25, '상의', 10100, 1, 4),
       (26, '아우터', 5100, 2, 4),
       (27, '바지', 3000, 3, 4),
       (28, '스니커즈', 9500, 4, 4),
       (29, '가방', 2500, 5, 4),
       (30, '모자', 1500, 6, 4),
       (31, '양말', 2400, 7, 4),
       (32, '액세서리', 2000, 8, 4),

       (33, '상의', 10700, 1, 5),
       (34, '아우터', 5000, 2, 5),
       (35, '바지', 3800, 3, 5),
       (36, '스니커즈', 9900, 4, 5),
       (37, '가방', 2300, 5, 5),
       (38, '모자', 1800, 6, 5),
       (39, '양말', 2100, 7, 5),
       (40, '액세서리', 2100, 8, 5),

       (41, '상의', 11200, 1, 6),
       (42, '아우터', 7200, 2, 6),
       (43, '바지', 4000, 3, 6),
       (44, '스니커즈', 9300, 4, 6),
       (45, '가방', 2100, 5, 6),
       (46, '모자', 1600, 6, 6),
       (47, '양말', 2300, 7, 6),
       (48, '액세서리', 1900, 8, 6),

       (49, '상의', 10500, 1, 7),
       (50, '아우터', 5800, 2, 7),
       (51, '바지', 3900, 3, 7),
       (52, '스니커즈', 9000, 4, 7),
       (53, '가방', 2200, 5, 7),
       (54, '모자', 1700, 6, 7),
       (55, '양말', 2100, 7, 7),
       (56, '액세서리', 2000, 8, 7),

       (57, '상의', 10800, 1, 8),
       (58, '아우터', 6300, 2, 8),
       (59, '바지', 3100, 3, 8),
       (60, '스니커즈', 9700, 4, 8),
       (61, '가방', 2100, 5, 8),
       (62, '모자', 1600, 6, 8),
       (63, '양말', 2000, 7, 8),
       (64, '액세서리', 2000, 8, 8),

       (65, '상의', 11400, 1, 9),
       (66, '아우터', 6700, 2, 9),
       (67, '바지', 3200, 3, 9),
       (68, '스니커즈', 9500, 4, 9),
       (69, '가방', 2400, 5, 9),
       (70, '모자', 1700, 6, 9),
       (71, '양말', 1700, 7, 9),
       (72, '액세서리', 2400, 8, 9);
